{"n_rows": 63309974, "score": {"min": -1.0, "max": 1.0, "mean": -0.011104973033070564, "std": 0.5099378228187561, "quantiles": {"0.0": -1.0, "0.01": -0.9700000286102295, "0.05": -0.8587340116500854, "0.1": -0.760231077671051, "0.25": -0.3155996799468994, "0.5": 0.0, "0.75": 0.304735392332077, "0.9": 0.7374241352081299, "0.95": 0.8587340116500854, "0.99": 0.9700000286102295, "1.0": 1.0}}, "turns": {"min": 1, "max": 78, "exact_counts": {"1": 120, "2": 2496, "3": 12800, "4": 199440, "5": 925336, "6": 5613752, "7": 6467088, "8": 4118728, "9": 3942048, "10": 2492480, "11": 2243272, "12": 1103568, "13": 892792, "14": 223152, "15": 176528, "16": 35952, "17": 28360, "18": 5384, "19": 4336, "20": 1016, "21": 1056, "22": 392, "23": 856, "24": 592, "25": 1648, "26": 1696, "27": 2984, "28": 3512, "29": 5016, "30": 2535784, "31": 2523800, "32": 2517736, "33": 2483264, "34": 2453240, "35": 2399054, "36": 2356576, "37": 2277152, "38": 2221704, "39": 2106616, "40": 1209392, "41": 1102352, "42": 1043448, "43": 937376, "44": 876072, "45": 783157, "46": 716960, "47": 628799, "48": 561496, "49": 486232, "50": 429752, "51": 366416, "52": 313696, "53": 266184, "54": 223856, "55": 191816, "56": 158992, "57": 133144, "58": 109848, "59": 90172, "60": 72648, "61": 57824, "62": 45504, "63": 35272, "64": 26592, "65": 19760, "66": 14688, "67": 10288, "68": 6312, "69": 4312, "70": 2696, "71": 1544, "72": 1096, "73": 448, "74": 312, "75": 104, "76": 56, "77": 16, "78": 16}, "phase_counts": {"early_0_20": 28488648, "mid_21_50": 32667714, "deep_51_81": 2153612}}, "row_ranges": {"base_min2": [0, 28489488], "true_final": [28489488, 29122588], "hard_endgame": [29122588, 31654987], "onecount_high_pos": [31654987, 42734232], "onecount_high_neg": [42734232, 53813478], "onecount_random_deep": [53813478, 63309974]}, "bucket_checks": {"base_min2": {"rows": 28489488, "score_min": -0.7851980924606323, "score_max": 1.0, "score_mean": -0.01062428206205368, "occ_min": 1, "occ_max": 30, "occ_mean": 8.225695035305653}, "true_final": {"rows": 633100, "score_min": -1.0, "score_max": 1.0, "score_mean": -0.14966988563537598, "occ_min": 17, "occ_max": 78, "occ_mean": 44.32849786763544, "rule_pass_count": 633100, "rule_pass_pct": 1.0, "terminal_pass_count": 630286, "terminal_pass_pct": 0.9955552045490443}, "hard_endgame": {"rows": 2532399, "score_min": -1.0, "score_max": 1.0, "score_mean": -0.08861222118139267, "occ_min": 40, "occ_max": 75, "occ_mean": 46.20638730310666, "rule_pass_count": 2532399, "rule_pass_pct": 1.0}, "onecount_high_pos": {"rows": 11079245, "score_min": 0.5116561055183411, "score_max": 1.0, "score_mean": 0.7256777882575989, "occ_min": 30, "occ_max": 68, "occ_mean": 36.192342077461056, "rule_pass_count": 11079245, "rule_pass_pct": 1.0}, "onecount_high_neg": {"rows": 11079246, "score_min": -1.0, "score_max": -0.5116561055183411, "score_mean": -0.7409960031509399, "occ_min": 30, "occ_max": 69, "occ_mean": 35.39229601003534, "rule_pass_count": 11079246, "rule_pass_pct": 1.0}, "onecount_random_deep": {"rows": 9496496, "score_min": -0.4963064193725586, "score_max": 0.4963064193725586, "score_mean": 0.00931895524263382, "occ_min": 30, "occ_max": 78, "occ_mean": 40.76476291887029, "rule_pass_count": 9496496, "rule_pass_pct": 1.0}}}